id;parent_id;lang;name;uid;value;description
0;NULL;tr;Turkce Ana;0;0;Ana
1;0;tr;Kullanıcı Tipi;1;1;kullanan kullanıcı tipi
2;1;tr;Yük Sahibi;2;2;kullanan kullanıcı tipi
3;1;tr;Arac Sahibi;3;3;kullanan kullanıcı tipi
4;0;tr;Arac Type;4;4;araç tipi
5;4;tr;Kamyon;5;5;araç tipi
6;4;tr;Kamyonet;6;6;araç tipi
7;4;tr;Kırk Ayak;7;7;araç tipi
8;4;tr;Tır/Çekici;8;8;araç tipi
9;0;tr;yük Tipi;9;9;yük tipi
10;9;tr;Kuru Yük;10;10;yük tipi
11;9;tr;Dökme Yük;11;11;yük tipi
12;9;tr;Dondurulmuş;12;12;yük tipi

100009;0;tr;kasa tipi;100009;100009;kasa tipi
1000010;100009;tr;Acık Kasa;1000010;1000010;Acık Kasa
1000011;100009;tr;Damper Kasa;1000011;1000011;Damper Kasa
1000012;100009;tr;Tenteli;1000012;1000012;Tenteli
1000013;100009;tr;FrigoFrig;1000013;1000013;FrigoFrig

13;0;tr;Ülke;13;13;Ülke tipi
14;13;tr;Türkiye;14;14;Türkiye
15;13;tr;İsveç;15;15;İsveç
16;13;tr;USA;16;16;USA

20001;16;tr;Massachussest;20001;20001;Massachussest 
20002;16;tr;Chicago;20002;20002;Chicago
20003;16;tr;New York;20003;20003;New York
20004;16;tr;Las Vegas;20004;20004;Las Vegas

20201;15;tr;Stokholm;20201;20201;Stokholm 
20202;15;tr;Lund;20202;20202;Lund
20203;15;tr;Visby;20203;20203;Visby
20204;15;tr;Falun;20204;20204;Falun

10015;14;tr;BURDUR;10015;10015;BURDUR
10026;14;tr;ESKİŞEHİR;10026;10026;ESKİŞEHİR
10018;14;tr;ÇANKIRI;10018;10018;ÇANKIRI
10080;14;tr;OSMANİYE;10080;10080;OSMANİYE
10041;14;tr;KOCAELİ;10041;10041;KOCAELİ
10027;14;tr;GAZİANTEP;10027;10027;GAZİANTEP
10031;14;tr;HATAY;10031;10031;HATAY
10038;14;tr;KAYSERİ;10038;10038;KAYSERİ
10029;14;tr;GÜMÜŞHANE;10029;10029;GÜMÜŞHANE
10054;14;tr;SAKARYA;10054;10054;SAKARYA
10016;14;tr;BURSA;10016;10016;BURSA
10069;14;tr;BAYBURT;10069;10069;BAYBURT
10017;14;tr;ÇANAKKALE;10017;10017;ÇANAKKALE
10057;14;tr;SİNOP;10057;10057;SİNOP
10074;14;tr;BARTIN;10074;10074;BARTIN
10503;14;tr;MAĞUSA (KIBRIS);10503;10503;MAĞUSA (KIBRIS)
10033;14;tr;MERSİN;10033;10033;MERSİN
10051;14;tr;NİĞDE;10051;10051;NİĞDE
10042;14;tr;KONYA;10042;10042;KONYA
10060;14;tr;TOKAT;10060;10060;TOKAT
10002;14;tr;ADIYAMAN;10002;10002;ADIYAMAN
10006;14;tr;ANKARA;10006;10006;ANKARA
10066;14;tr;YOZGAT;10066;10066;YOZGAT
10052;14;tr;ORDU;10052;10052;ORDU
10053;14;tr;RİZE;10053;10053;RİZE
10001;14;tr;ADANA;10001;10001;ADANA
10040;14;tr;KIRŞEHİR;10040;10040;KIRŞEHİR
10076;14;tr;IĞDIR;10076;10076;IĞDIR
10045;14;tr;MANİSA;10045;10045;MANİSA
10021;14;tr;DİYARBAKIR;10021;10021;DİYARBAKIR
10064;14;tr;UŞAK;10064;10064;UŞAK
10501;14;tr;LEFKOŞE (KIBRIS);10501;10501;LEFKOŞE (KIBRIS)
10005;14;tr;AMASYA;10005;10005;AMASYA
10024;14;tr;ERZİNCAN;10024;10024;ERZİNCAN
10032;14;tr;ISPARTA;10032;10032;ISPARTA
10502;14;tr;GİRNE (KIBRIS);10502;10502;GİRNE (KIBRIS)
10023;14;tr;ELAZIĞ;10023;10023;ELAZIĞ
10078;14;tr;KARABÜK;10078;10078;KARABÜK
10030;14;tr;HAKKARİ;10030;10030;HAKKARİ
10036;14;tr;KARS;10036;10036;KARS
10067;14;tr;ZONGULDAK;10067;10067;ZONGULDAK
10068;14;tr;AKSARAY;10068;10068;AKSARAY
10044;14;tr;MALATYA;10044;10044;MALATYA
10010;14;tr;BALIKESİR;10010;10010;BALIKESİR
10020;14;tr;DENİZLİ;10020;10020;DENİZLİ
10049;14;tr;MUŞ;10049;10049;MUŞ
10073;14;tr;ŞIRNAK;10073;10073;ŞIRNAK
10048;14;tr;MUĞLA;10048;10048;MUĞLA
10059;14;tr;TEKİRDAĞ;10059;10059;TEKİRDAĞ
10039;14;tr;KIRKLARELİ;10039;10039;KIRKLARELİ
10056;14;tr;SİİRT;10056;10056;SİİRT
10028;14;tr;GİRESUN;10028;10028;GİRESUN
10063;14;tr;ŞANLIURFA;10063;10063;ŞANLIURFA
10009;14;tr;AYDIN;10009;10009;AYDIN
10072;14;tr;BATMAN;10072;10072;BATMAN
10013;14;tr;BİTLİS;10013;10013;BİTLİS
10003;14;tr;AFYONKARAHİSAR;10003;10003;AFYONKARAHİSAR
10008;14;tr;ARTVİN;10008;10008;ARTVİN
10004;14;tr;AĞRI;10004;10004;AĞRI
10077;14;tr;YALOVA;10077;10077;YALOVA
10050;14;tr;NEVŞEHİR;10050;10050;NEVŞEHİR
10061;14;tr;TRABZON;10061;10061;TRABZON
10058;14;tr;SİVAS;10058;10058;SİVAS
10007;14;tr;ANTALYA;10007;10007;ANTALYA
10037;14;tr;KASTAMONU;10037;10037;KASTAMONU
10047;14;tr;MARDİN;10047;10047;MARDİN
10046;14;tr;KAHRAMANMARAŞ;10046;10046;KAHRAMANMARAŞ
10025;14;tr;ERZURUM;10025;10025;ERZURUM
10075;14;tr;ARDAHAN;10075;10075;ARDAHAN
10081;14;tr;DÜZCE;10081;10081;DÜZCE
10055;14;tr;SAMSUN;10055;10055;SAMSUN
10019;14;tr;ÇORUM;10019;10019;ÇORUM
10065;14;tr;VAN;10065;10065;VAN
10014;14;tr;BOLU;10014;10014;BOLU
10043;14;tr;KÜTAHYA;10043;10043;KÜTAHYA
10011;14;tr;BİLECİK;10011;10011;BİLECİK
10034;14;tr;İSTANBUL;10034;10034;İSTANBUL
10079;14;tr;KİLİS;10079;10079;KİLİS
10062;14;tr;TUNCELİ;10062;10062;TUNCELİ
10012;14;tr;BİNGÖL;10012;10012;BİNGÖL
10022;14;tr;EDİRNE;10022;10022;EDİRNE
10071;14;tr;KIRIKKALE;10071;10071;KIRIKKALE
10070;14;tr;KARAMAN;10070;10070;KARAMAN
10035;14;tr;İZMİR;10035;10035;İZMİR

1757;10001;tr;ALADAĞ;1757;1757;ALADAĞ
1219;10001;tr;CEYHAN;1219;1219;CEYHAN
2033;10001;tr;ÇUKUROVA;2033;2033;ÇUKUROVA
1329;10001;tr;FEKE;1329;1329;FEKE
1806;10001;tr;İMAMOĞLU;1806;1806;İMAMOĞLU
1437;10001;tr;KARAİSALI;1437;1437;KARAİSALI
1443;10001;tr;KARATAŞ;1443;1443;KARATAŞ
1486;10001;tr;KOZAN;1486;1486;KOZAN
1580;10001;tr;POZANTI;1580;1580;POZANTI
1588;10001;tr;SAİMBEYLİ;1588;1588;SAİMBEYLİ
2032;10001;tr;SARIÇAM;2032;2032;SARIÇAM
1104;10001;tr;SEYHAN;1104;1104;SEYHAN
1687;10001;tr;TUFANBEYLİ;1687;1687;TUFANBEYLİ
1734;10001;tr;YUMURTALIK;1734;1734;YUMURTALIK
1748;10001;tr;YÜREĞİR;1748;1748;YÜREĞİR
1182;10002;tr;BESNİ;1182;1182;BESNİ
1246;10002;tr;ÇELİKHAN;1246;1246;ÇELİKHAN
1347;10002;tr;GERGER;1347;1347;GERGER
1354;10002;tr;GÖLBAŞI;1354;1354;GÖLBAŞI
1425;10002;tr;KAHTA;1425;1425;KAHTA
1105;10002;tr;MERKEZ;1105;1105;MERKEZ
1592;10002;tr;SAMSAT;1592;1592;SAMSAT
1985;10002;tr;SİNCİK;1985;1985;SİNCİK
1989;10002;tr;TUT;1989;1989;TUT
1771;10003;tr;BAŞMAKÇI;1771;1771;BAŞMAKÇI
1773;10003;tr;BAYAT;1773;1773;BAYAT
1200;10003;tr;BOLVADİN;1200;1200;BOLVADİN
1239;10003;tr;ÇAY;1239;1239;ÇAY
1906;10003;tr;ÇOBANLAR;1906;1906;ÇOBANLAR
1267;10003;tr;DAZKIRI;1267;1267;DAZKIRI
1281;10003;tr;DİNAR;1281;1281;DİNAR
1306;10003;tr;EMİRDAĞ;1306;1306;EMİRDAĞ
1923;10003;tr;EVCİLER;1923;1923;EVCİLER
1944;10003;tr;HOCALAR;1944;1944;HOCALAR
1404;10003;tr;İHSANİYE;1404;1404;İHSANİYE
1809;10003;tr;İSCEHİSAR;1809;1809;İSCEHİSAR
1961;10003;tr;KIZILÖREN;1961;1961;KIZILÖREN
1108;10003;tr;MERKEZ;1108;1108;MERKEZ
1594;10003;tr;SANDIKLI;1594;1594;SANDIKLI
1626;10003;tr;SİNANPAŞA;1626;1626;SİNANPAŞA
1639;10003;tr;SULTANDAĞI;1639;1639;SULTANDAĞI
1664;10003;tr;ŞUHUT;1664;1664;ŞUHUT
1283;10004;tr;DİYADİN;1283;1283;DİYADİN
1287;10004;tr;DOĞUBAYAZIT;1287;1287;DOĞUBAYAZIT
1301;10004;tr;ELEŞKİRT;1301;1301;ELEŞKİRT
1379;10004;tr;HAMUR;1379;1379;HAMUR
1111;10004;tr;MERKEZ;1111;1111;MERKEZ
1568;10004;tr;PATNOS;1568;1568;PATNOS
1667;10004;tr;TAŞLIÇAY;1667;1667;TAŞLIÇAY
1691;10004;tr;TUTAK;1691;1691;TUTAK
1363;10005;tr;GÖYNÜCEK;1363;1363;GÖYNÜCEK
1368;10005;tr;GÜMÜŞHACIKÖY;1368;1368;GÜMÜŞHACIKÖY
1938;10005;tr;HAMAMÖZÜ;1938;1938;HAMAMÖZÜ
1134;10005;tr;MERKEZ;1134;1134;MERKEZ
1524;10005;tr;MERZİFON;1524;1524;MERZİFON
1641;10005;tr;SULUOVA;1641;1641;SULUOVA
1668;10005;tr;TAŞOVA;1668;1668;TAŞOVA
1872;10006;tr;AKYURT;1872;1872;AKYURT
1130;10006;tr;ALTINDAĞ;1130;1130;ALTINDAĞ
1157;10006;tr;AYAŞ;1157;1157;AYAŞ
1167;10006;tr;BALA;1167;1167;BALA
1187;10006;tr;BEYPAZARI;1187;1187;BEYPAZARI
1227;10006;tr;ÇAMLIDERE;1227;1227;ÇAMLIDERE
1231;10006;tr;ÇANKAYA;1231;1231;ÇANKAYA
1260;10006;tr;ÇUBUK;1260;1260;ÇUBUK
1302;10006;tr;ELMADAĞ;1302;1302;ELMADAĞ
1922;10006;tr;ETİMESGUT;1922;1922;ETİMESGUT
1924;10006;tr;EVREN;1924;1924;EVREN
1744;10006;tr;GÖLBAŞI;1744;1744;GÖLBAŞI
1365;10006;tr;GÜDÜL;1365;1365;GÜDÜL
1387;10006;tr;HAYMANA;1387;1387;HAYMANA
1815;10006;tr;KAHRAMANKAZAN;1815;1815;KAHRAMANKAZAN
1427;10006;tr;KALECİK;1427;1427;KALECİK
1745;10006;tr;KEÇİÖREN;1745;1745;KEÇİÖREN
1473;10006;tr;KIZILCAHAMAM;1473;1473;KIZILCAHAMAM
1746;10006;tr;MAMAK;1746;1746;MAMAK
1539;10006;tr;NALLIHAN;1539;1539;NALLIHAN
1578;10006;tr;POLATLI;1578;1578;POLATLI
2034;10006;tr;PURSAKLAR;2034;2034;PURSAKLAR
1747;10006;tr;SİNCAN;1747;1747;SİNCAN
1658;10006;tr;ŞEREFLİKOÇHİSAR;1658;1658;ŞEREFLİKOÇHİSAR
1723;10006;tr;YENİMAHALLE;1723;1723;YENİMAHALLE
1121;10007;tr;AKSEKİ;1121;1121;AKSEKİ
2035;10007;tr;AKSU;2035;2035;AKSU
1126;10007;tr;ALANYA;1126;1126;ALANYA
1811;10007;tr;DEMRE;1811;1811;DEMRE
2036;10007;tr;DÖŞEMEALTI;2036;2036;DÖŞEMEALTI
1303;10007;tr;ELMALI;1303;1303;ELMALI
1333;10007;tr;FİNİKE;1333;1333;FİNİKE
1337;10007;tr;GAZİPAŞA;1337;1337;GAZİPAŞA
1370;10007;tr;GÜNDOĞMUŞ;1370;1370;GÜNDOĞMUŞ
1946;10007;tr;İBRADI;1946;1946;İBRADI
1451;10007;tr;KAŞ;1451;1451;KAŞ
1959;10007;tr;KEMER;1959;1959;KEMER
2037;10007;tr;KEPEZ;2037;2037;KEPEZ
2038;10007;tr;KONYAALTI;2038;2038;KONYAALTI
1483;10007;tr;KORKUTELİ;1483;1483;KORKUTELİ
1492;10007;tr;KUMLUCA;1492;1492;KUMLUCA
1512;10007;tr;MANAVGAT;1512;1512;MANAVGAT
2039;10007;tr;MURATPAŞA;2039;2039;MURATPAŞA
1616;10007;tr;SERİK;1616;1616;SERİK
1145;10008;tr;ARDANUÇ;1145;1145;ARDANUÇ
1147;10008;tr;ARHAVİ;1147;1147;ARHAVİ
1202;10008;tr;BORÇKA;1202;1202;BORÇKA
1395;10008;tr;HOPA;1395;1395;HOPA
2105;10008;tr;KEMALPAŞA;2105;2105;KEMALPAŞA
1152;10008;tr;MERKEZ;1152;1152;MERKEZ
1828;10008;tr;MURGUL;1828;1828;MURGUL
1653;10008;tr;ŞAVŞAT;1653;1653;ŞAVŞAT
1736;10008;tr;YUSUFELİ;1736;1736;YUSUFELİ
1206;10009;tr;BOZDOĞAN;1206;1206;BOZDOĞAN
1781;10009;tr;BUHARKENT;1781;1781;BUHARKENT
1256;10009;tr;ÇİNE;1256;1256;ÇİNE
2000;10009;tr;DİDİM;2000;2000;DİDİM
2076;10009;tr;EFELER;2076;2076;EFELER
1348;10009;tr;GERMENCİK;1348;1348;GERMENCİK
1807;10009;tr;İNCİRLİOVA;1807;1807;İNCİRLİOVA
1435;10009;tr;KARACASU;1435;1435;KARACASU
1957;10009;tr;KARPUZLU;1957;1957;KARPUZLU
1479;10009;tr;KOÇARLI;1479;1479;KOÇARLI
1968;10009;tr;KÖŞK;1968;1968;KÖŞK
1497;10009;tr;KUŞADASI;1497;1497;KUŞADASI
1498;10009;tr;KUYUCAK;1498;1498;KUYUCAK
1542;10009;tr;NAZİLLİ;1542;1542;NAZİLLİ
1637;10009;tr;SÖKE;1637;1637;SÖKE
1640;10009;tr;SULTANHİSAR;1640;1640;SULTANHİSAR
1724;10009;tr;YENİPAZAR;1724;1724;YENİPAZAR
2077;10010;tr;ALTIEYLÜL;2077;2077;ALTIEYLÜL
1161;10010;tr;AYVALIK;1161;1161;AYVALIK
1169;10010;tr;BALYA;1169;1169;BALYA
1171;10010;tr;BANDIRMA;1171;1171;BANDIRMA
1191;10010;tr;BİGADİÇ;1191;1191;BİGADİÇ
1216;10010;tr;BURHANİYE;1216;1216;BURHANİYE
1291;10010;tr;DURSUNBEY;1291;1291;DURSUNBEY
1294;10010;tr;EDREMİT;1294;1294;EDREMİT
1310;10010;tr;ERDEK;1310;1310;ERDEK
1928;10010;tr;GÖMEÇ;1928;1928;GÖMEÇ
1360;10010;tr;GÖNEN;1360;1360;GÖNEN
1384;10010;tr;HAVRAN;1384;1384;HAVRAN
1418;10010;tr;İVRİNDİ;1418;1418;İVRİNDİ
2078;10010;tr;KARESİ;2078;2078;KARESİ
1462;10010;tr;KEPSUT;1462;1462;KEPSUT
1514;10010;tr;MANYAS;1514;1514;MANYAS
1824;10010;tr;MARMARA;1824;1824;MARMARA
1608;10010;tr;SAVAŞTEPE;1608;1608;SAVAŞTEPE
1619;10010;tr;SINDIRGI;1619;1619;SINDIRGI
1644;10010;tr;SUSURLUK;1644;1644;SUSURLUK
1210;10011;tr;BOZÜYÜK;1210;1210;BOZÜYÜK
1359;10011;tr;GÖLPAZARI;1359;1359;GÖLPAZARI
1948;10011;tr;İNHİSAR;1948;1948;İNHİSAR
1192;10011;tr;MERKEZ;1192;1192;MERKEZ
1559;10011;tr;OSMANELİ;1559;1559;OSMANELİ
1571;10011;tr;PAZARYERİ;1571;1571;PAZARYERİ
1636;10011;tr;SÖĞÜT;1636;1636;SÖĞÜT
1857;10011;tr;YENİPAZAR;1857;1857;YENİPAZAR
1750;10012;tr;ADAKLI;1750;1750;ADAKLI
1344;10012;tr;GENÇ;1344;1344;GENÇ
1446;10012;tr;KARLIOVA;1446;1446;KARLIOVA
1475;10012;tr;KİĞI;1475;1475;KİĞI
1193;10012;tr;MERKEZ;1193;1193;MERKEZ
1633;10012;tr;SOLHAN;1633;1633;SOLHAN
1855;10012;tr;YAYLADERE;1855;1855;YAYLADERE
1996;10012;tr;YEDİSU;1996;1996;YEDİSU
1106;10013;tr;ADİLCEVAZ;1106;1106;ADİLCEVAZ
1112;10013;tr;AHLAT;1112;1112;AHLAT
1798;10013;tr;GÜROYMAK;1798;1798;GÜROYMAK
1394;10013;tr;HİZAN;1394;1394;HİZAN
1196;10013;tr;MERKEZ;1196;1196;MERKEZ
1537;10013;tr;MUTKİ;1537;1537;MUTKİ
1669;10013;tr;TATVAN;1669;1669;TATVAN
1916;10014;tr;DÖRTDİVAN;1916;1916;DÖRTDİVAN
1346;10014;tr;GEREDE;1346;1346;GEREDE
1364;10014;tr;GÖYNÜK;1364;1364;GÖYNÜK
1466;10014;tr;KIBRISCIK;1466;1466;KIBRISCIK
1522;10014;tr;MENGEN;1522;1522;MENGEN
1199;10014;tr;MERKEZ;1199;1199;MERKEZ
1531;10014;tr;MUDURNU;1531;1531;MUDURNU
1610;10014;tr;SEBEN;1610;1610;SEBEN
1997;10014;tr;YENİÇAĞA;1997;1997;YENİÇAĞA
1109;10015;tr;AĞLASUN;1109;1109;AĞLASUN
1874;10015;tr;ALTINYAYLA;1874;1874;ALTINYAYLA
1211;10015;tr;BUCAK;1211;1211;BUCAK
1899;10015;tr;ÇAVDIR;1899;1899;ÇAVDIR
1903;10015;tr;ÇELTİKÇİ;1903;1903;ÇELTİKÇİ
1357;10015;tr;GÖLHİSAR;1357;1357;GÖLHİSAR
1813;10015;tr;KARAMANLI;1813;1813;KARAMANLI
1816;10015;tr;KEMER;1816;1816;KEMER
1215;10015;tr;MERKEZ;1215;1215;MERKEZ
1672;10015;tr;TEFENNİ;1672;1672;TEFENNİ
1728;10015;tr;YEŞİLOVA;1728;1728;YEŞİLOVA
1783;10016;tr;BÜYÜKORHAN;1783;1783;BÜYÜKORHAN
1343;10016;tr;GEMLİK;1343;1343;GEMLİK
1935;10016;tr;GÜRSU;1935;1935;GÜRSU
1799;10016;tr;HARMANCIK;1799;1799;HARMANCIK
1411;10016;tr;İNEGÖL;1411;1411;İNEGÖL
1420;10016;tr;İZNİK;1420;1420;İZNİK
1434;10016;tr;KARACABEY;1434;1434;KARACABEY
1457;10016;tr;KELES;1457;1457;KELES
1960;10016;tr;KESTEL;1960;1960;KESTEL
1530;10016;tr;MUDANYA;1530;1530;MUDANYA
1535;10016;tr;MUSTAFAKEMALPAŞA;1535;1535;MUSTAFAKEMALPAŞA
1829;10016;tr;NİLÜFER;1829;1829;NİLÜFER
1553;10016;tr;ORHANELİ;1553;1553;ORHANELİ
1554;10016;tr;ORHANGAZİ;1554;1554;ORHANGAZİ
1832;10016;tr;OSMANGAZİ;1832;1832;OSMANGAZİ
1725;10016;tr;YENİŞEHİR;1725;1725;YENİŞEHİR
1859;10016;tr;YILDIRIM;1859;1859;YILDIRIM
1160;10017;tr;AYVACIK;1160;1160;AYVACIK
1180;10017;tr;BAYRAMİÇ;1180;1180;BAYRAMİÇ
1190;10017;tr;BİGA;1190;1190;BİGA
1205;10017;tr;BOZCAADA;1205;1205;BOZCAADA
1229;10017;tr;ÇAN;1229;1229;ÇAN
1293;10017;tr;ECEABAT;1293;1293;ECEABAT
1326;10017;tr;EZİNE;1326;1326;EZİNE
1340;10017;tr;GELİBOLU;1340;1340;GELİBOLU
1408;10017;tr;GÖKÇEADA;1408;1408;GÖKÇEADA
1503;10017;tr;LAPSEKİ;1503;1503;LAPSEKİ
1230;10017;tr;MERKEZ;1230;1230;MERKEZ
1722;10017;tr;YENİCE;1722;1722;YENİCE
1765;10018;tr;ATKARACALAR;1765;1765;ATKARACALAR
1885;10018;tr;BAYRAMÖREN;1885;1885;BAYRAMÖREN
1248;10018;tr;ÇERKEŞ;1248;1248;ÇERKEŞ
1300;10018;tr;ELDİVAN;1300;1300;ELDİVAN
1399;10018;tr;ILGAZ;1399;1399;ILGAZ
1817;10018;tr;KIZILIRMAK;1817;1817;KIZILIRMAK
1963;10018;tr;KORGUN;1963;1963;KORGUN
1494;10018;tr;KURŞUNLU;1494;1494;KURŞUNLU
1232;10018;tr;MERKEZ;1232;1232;MERKEZ
1555;10018;tr;ORTA;1555;1555;ORTA
1649;10018;tr;ŞABANÖZÜ;1649;1649;ŞABANÖZÜ
1718;10018;tr;YAPRAKLI;1718;1718;YAPRAKLI
1124;10019;tr;ALACA;1124;1124;ALACA
1177;10019;tr;BAYAT;1177;1177;BAYAT
1778;10019;tr;BOĞAZKALE;1778;1778;BOĞAZKALE
1911;10019;tr;DODURGA;1911;1911;DODURGA
1414;10019;tr;İSKİLİP;1414;1414;İSKİLİP
1445;10019;tr;KARGI;1445;1445;KARGI
1972;10019;tr;LAÇİN;1972;1972;LAÇİN
1520;10019;tr;MECİTÖZÜ;1520;1520;MECİTÖZÜ
1259;10019;tr;MERKEZ;1259;1259;MERKEZ
1976;10019;tr;OĞUZLAR;1976;1976;OĞUZLAR
1556;10019;tr;ORTAKÖY;1556;1556;ORTAKÖY
1558;10019;tr;OSMANCIK;1558;1558;OSMANCIK
1642;10019;tr;SUNGURLU;1642;1642;SUNGURLU
1850;10019;tr;UĞURLUDAĞ;1850;1850;UĞURLUDAĞ
1102;10020;tr;ACIPAYAM;1102;1102;ACIPAYAM
1769;10020;tr;BABADAĞ;1769;1769;BABADAĞ
1881;10020;tr;BAKLAN;1881;1881;BAKLAN
1774;10020;tr;BEKİLLİ;1774;1774;BEKİLLİ
1888;10020;tr;BEYAĞAÇ;1888;1888;BEYAĞAÇ
1889;10020;tr;BOZKURT;1889;1889;BOZKURT
1214;10020;tr;BULDAN;1214;1214;BULDAN
1224;10020;tr;ÇAL;1224;1224;ÇAL
1226;10020;tr;ÇAMELİ;1226;1226;ÇAMELİ
1233;10020;tr;ÇARDAK;1233;1233;ÇARDAK
1257;10020;tr;ÇİVRİL;1257;1257;ÇİVRİL
1371;10020;tr;GÜNEY;1371;1371;GÜNEY
1803;10020;tr;HONAZ;1803;1803;HONAZ
1426;10020;tr;KALE;1426;1426;KALE
2079;10020;tr;MERKEZEFENDİ;2079;2079;MERKEZEFENDİ
1871;10020;tr;PAMUKKALE;1871;1871;PAMUKKALE
1597;10020;tr;SARAYKÖY;1597;1597;SARAYKÖY
1840;10020;tr;SERİNHİSAR;1840;1840;SERİNHİSAR
1670;10020;tr;TAVAS;1670;1670;TAVAS
2040;10021;tr;BAĞLAR;2040;2040;BAĞLAR
1195;10021;tr;BİSMİL;1195;1195;BİSMİL
1249;10021;tr;ÇERMİK;1249;1249;ÇERMİK
1253;10021;tr;ÇINAR;1253;1253;ÇINAR
1263;10021;tr;ÇÜNGÜŞ;1263;1263;ÇÜNGÜŞ
1278;10021;tr;DİCLE;1278;1278;DİCLE
1791;10021;tr;EĞİL;1791;1791;EĞİL
1315;10021;tr;ERGANİ;1315;1315;ERGANİ
1381;10021;tr;HANİ;1381;1381;HANİ
1389;10021;tr;HAZRO;1389;1389;HAZRO
2041;10021;tr;KAYAPINAR;2041;2041;KAYAPINAR
1962;10021;tr;KOCAKÖY;1962;1962;KOCAKÖY
1490;10021;tr;KULP;1490;1490;KULP
1504;10021;tr;LİCE;1504;1504;LİCE
1624;10021;tr;SİLVAN;1624;1624;SİLVAN
2042;10021;tr;SUR;2042;2042;SUR
2043;10021;tr;YENİŞEHİR;2043;2043;YENİŞEHİR
1307;10022;tr;ENEZ;1307;1307;ENEZ
1385;10022;tr;HAVSA;1385;1385;HAVSA
1412;10022;tr;İPSALA;1412;1412;İPSALA
1464;10022;tr;KEŞAN;1464;1464;KEŞAN
1502;10022;tr;LALAPAŞA;1502;1502;LALAPAŞA
1523;10022;tr;MERİÇ;1523;1523;MERİÇ
1295;10022;tr;MERKEZ;1295;1295;MERKEZ
1988;10022;tr;SÜLOĞLU;1988;1988;SÜLOĞLU
1705;10022;tr;UZUNKÖPRÜ;1705;1705;UZUNKÖPRÜ
1110;10023;tr;AĞIN;1110;1110;AĞIN
1873;10023;tr;ALACAKAYA;1873;1873;ALACAKAYA
1762;10023;tr;ARICAK;1762;1762;ARICAK
1173;10023;tr;BASKİL;1173;1173;BASKİL
1438;10023;tr;KARAKOÇAN;1438;1438;KARAKOÇAN
1455;10023;tr;KEBAN;1455;1455;KEBAN
1820;10023;tr;KOVANCILAR;1820;1820;KOVANCILAR
1506;10023;tr;MADEN;1506;1506;MADEN
1298;10023;tr;MERKEZ;1298;1298;MERKEZ
1566;10023;tr;PALU;1566;1566;PALU
1631;10023;tr;SİVRİCE;1631;1631;SİVRİCE
1243;10024;tr;ÇAYIRLI;1243;1243;ÇAYIRLI
1406;10024;tr;İLİÇ;1406;1406;İLİÇ
1459;10024;tr;KEMAH;1459;1459;KEMAH
1460;10024;tr;KEMALİYE;1460;1460;KEMALİYE
1318;10024;tr;MERKEZ;1318;1318;MERKEZ
1977;10024;tr;OTLUKBELİ;1977;1977;OTLUKBELİ
1583;10024;tr;REFAHİYE;1583;1583;REFAHİYE
1675;10024;tr;TERCAN;1675;1675;TERCAN
1853;10024;tr;ÜZÜMLÜ;1853;1853;ÜZÜMLÜ
1153;10025;tr;AŞKALE;1153;1153;AŞKALE
1945;10025;tr;AZİZİYE;1945;1945;AZİZİYE
1235;10025;tr;ÇAT;1235;1235;ÇAT
1392;10025;tr;HINIS;1392;1392;HINIS
1396;10025;tr;HORASAN;1396;1396;HORASAN
1416;10025;tr;İSPİR;1416;1416;İSPİR
1812;10025;tr;KARAÇOBAN;1812;1812;KARAÇOBAN
1444;10025;tr;KARAYAZI;1444;1444;KARAYAZI
1967;10025;tr;KÖPRÜKÖY;1967;1967;KÖPRÜKÖY
1540;10025;tr;NARMAN;1540;1540;NARMAN
1550;10025;tr;OLTU;1550;1550;OLTU
1551;10025;tr;OLUR;1551;1551;OLUR
2044;10025;tr;PALANDÖKEN;2044;2044;PALANDÖKEN
1567;10025;tr;PASİNLER;1567;1567;PASİNLER
1865;10025;tr;PAZARYOLU;1865;1865;PAZARYOLU
1657;10025;tr;ŞENKAYA;1657;1657;ŞENKAYA
1674;10025;tr;TEKMAN;1674;1674;TEKMAN
1683;10025;tr;TORTUM;1683;1683;TORTUM
1851;10025;tr;UZUNDERE;1851;1851;UZUNDERE
2045;10025;tr;YAKUTİYE;2045;2045;YAKUTİYE
1759;10026;tr;ALPU;1759;1759;ALPU
1777;10026;tr;BEYLİKOVA;1777;1777;BEYLİKOVA
1255;10026;tr;ÇİFTELER;1255;1255;ÇİFTELER
1934;10026;tr;GÜNYÜZÜ;1934;1934;GÜNYÜZÜ
1939;10026;tr;HAN;1939;1939;HAN
1808;10026;tr;İNÖNÜ;1808;1808;İNÖNÜ
1508;10026;tr;MAHMUDİYE;1508;1508;MAHMUDİYE
1973;10026;tr;MİHALGAZİ;1973;1973;MİHALGAZİ
1527;10026;tr;MİHALIÇÇIK;1527;1527;MİHALIÇÇIK
2046;10026;tr;ODUNPAZARI;2046;2046;ODUNPAZARI
1599;10026;tr;SARICAKAYA;1599;1599;SARICAKAYA
1618;10026;tr;SEYİTGAZİ;1618;1618;SEYİTGAZİ
1632;10026;tr;SİVRİHİSAR;1632;1632;SİVRİHİSAR
2047;10026;tr;TEPEBAŞI;2047;2047;TEPEBAŞI
1139;10027;tr;ARABAN;1139;1139;ARABAN
1415;10027;tr;İSLAHİYE;1415;1415;İSLAHİYE
1956;10027;tr;KARKAMIŞ;1956;1956;KARKAMIŞ
1546;10027;tr;NİZİP;1546;1546;NİZİP
1974;10027;tr;NURDAĞI;1974;1974;NURDAĞI
1549;10027;tr;OĞUZELİ;1549;1549;OĞUZELİ
1841;10027;tr;ŞAHİNBEY;1841;1841;ŞAHİNBEY
1844;10027;tr;ŞEHİTKAMİL;1844;1844;ŞEHİTKAMİL
1720;10027;tr;YAVUZELİ;1720;1720;YAVUZELİ
1133;10028;tr;ALUCRA;1133;1133;ALUCRA
1212;10028;tr;BULANCAK;1212;1212;BULANCAK
1893;10028;tr;ÇAMOLUK;1893;1893;ÇAMOLUK
1894;10028;tr;ÇANAKÇI;1894;1894;ÇANAKÇI
1272;10028;tr;DERELİ;1272;1272;DERELİ
1912;10028;tr;DOĞANKENT;1912;1912;DOĞANKENT
1320;10028;tr;ESPİYE;1320;1320;ESPİYE
1324;10028;tr;EYNESİL;1324;1324;EYNESİL
1361;10028;tr;GÖRELE;1361;1361;GÖRELE
1930;10028;tr;GÜCE;1930;1930;GÜCE
1465;10028;tr;KEŞAP;1465;1465;KEŞAP
1352;10028;tr;MERKEZ;1352;1352;MERKEZ
1837;10028;tr;PİRAZİZ;1837;1837;PİRAZİZ
1654;10028;tr;ŞEBİNKARAHİSAR;1654;1654;ŞEBİNKARAHİSAR
1678;10028;tr;TİREBOLU;1678;1678;TİREBOLU
1854;10028;tr;YAĞLIDERE;1854;1854;YAĞLIDERE
1458;10029;tr;KELKİT;1458;1458;KELKİT
1822;10029;tr;KÖSE;1822;1822;KÖSE
1971;10029;tr;KÜRTÜN;1971;1971;KÜRTÜN
1369;10029;tr;MERKEZ;1369;1369;MERKEZ
1660;10029;tr;ŞİRAN;1660;1660;ŞİRAN
1684;10029;tr;TORUL;1684;1684;TORUL
1261;10030;tr;ÇUKURCA;1261;1261;ÇUKURCA
2107;10030;tr;DERECİK;2107;2107;DERECİK
1377;10030;tr;MERKEZ;1377;1377;MERKEZ
1656;10030;tr;ŞEMDİNLİ;1656;1656;ŞEMDİNLİ
1737;10030;tr;YÜKSEKOVA;1737;1737;YÜKSEKOVA
1131;10031;tr;ALTINÖZÜ;1131;1131;ALTINÖZÜ
2080;10031;tr;ANTAKYA;2080;2080;ANTAKYA
2081;10031;tr;ARSUZ;2081;2081;ARSUZ
1887;10031;tr;BELEN;1887;1887;BELEN
2082;10031;tr;DEFNE;2082;2082;DEFNE
1289;10031;tr;DÖRTYOL;1289;1289;DÖRTYOL
1792;10031;tr;ERZİN;1792;1792;ERZİN
1382;10031;tr;HASSA;1382;1382;HASSA
1413;10031;tr;İSKENDERUN;1413;1413;İSKENDERUN
1468;10031;tr;KIRIKHAN;1468;1468;KIRIKHAN
1970;10031;tr;KUMLU;1970;1970;KUMLU
2083;10031;tr;PAYAS;2083;2083;PAYAS
1585;10031;tr;REYHANLI;1585;1585;REYHANLI
1591;10031;tr;SAMANDAĞ;1591;1591;SAMANDAĞ
1721;10031;tr;YAYLADAĞI;1721;1721;YAYLADAĞI
1755;10032;tr;AKSU;1755;1755;AKSU
1154;10032;tr;ATABEY;1154;1154;ATABEY
1297;10032;tr;EĞİRDİR;1297;1297;EĞİRDİR
1341;10032;tr;GELENDOST;1341;1341;GELENDOST
1929;10032;tr;GÖNEN;1929;1929;GÖNEN
1456;10032;tr;KEÇİBORLU;1456;1456;KEÇİBORLU
1401;10032;tr;MERKEZ;1401;1401;MERKEZ
1615;10032;tr;SENİRKENT;1615;1615;SENİRKENT
1648;10032;tr;SÜTÇÜLER;1648;1648;SÜTÇÜLER
1651;10032;tr;ŞARKİKARAAĞAÇ;1651;1651;ŞARKİKARAAĞAÇ
1699;10032;tr;ULUBORLU;1699;1699;ULUBORLU
1717;10032;tr;YALVAÇ;1717;1717;YALVAÇ
2001;10032;tr;YENİŞARBADEMLİ;2001;2001;YENİŞARBADEMLİ
2064;10033;tr;AKDENİZ;2064;2064;AKDENİZ
1135;10033;tr;ANAMUR;1135;1135;ANAMUR
1766;10033;tr;AYDINCIK;1766;1766;AYDINCIK
1779;10033;tr;BOZYAZI;1779;1779;BOZYAZI
1892;10033;tr;ÇAMLIYAYLA;1892;1892;ÇAMLIYAYLA
1311;10033;tr;ERDEMLİ;1311;1311;ERDEMLİ
1366;10033;tr;GÜLNAR;1366;1366;GÜLNAR
2065;10033;tr;MEZİTLİ;2065;2065;MEZİTLİ
1536;10033;tr;MUT;1536;1536;MUT
1621;10033;tr;SİLİFKE;1621;1621;SİLİFKE
1665;10033;tr;TARSUS;1665;1665;TARSUS
2066;10033;tr;TOROSLAR;2066;2066;TOROSLAR
2067;10033;tr;YENİŞEHİR;2067;2067;YENİŞEHİR
1103;10034;tr;ADALAR;1103;1103;ADALAR
2048;10034;tr;ARNAVUTKÖY;2048;2048;ARNAVUTKÖY
2049;10034;tr;ATAŞEHİR;2049;2049;ATAŞEHİR
2003;10034;tr;AVCILAR;2003;2003;AVCILAR
2004;10034;tr;BAĞCILAR;2004;2004;BAĞCILAR
2005;10034;tr;BAHÇELİEVLER;2005;2005;BAHÇELİEVLER
1166;10034;tr;BAKIRKÖY;1166;1166;BAKIRKÖY
2050;10034;tr;BAŞAKŞEHİR;2050;2050;BAŞAKŞEHİR
1886;10034;tr;BAYRAMPAŞA;1886;1886;BAYRAMPAŞA
1183;10034;tr;BEŞİKTAŞ;1183;1183;BEŞİKTAŞ
1185;10034;tr;BEYKOZ;1185;1185;BEYKOZ
2051;10034;tr;BEYLİKDÜZÜ;2051;2051;BEYLİKDÜZÜ
1186;10034;tr;BEYOĞLU;1186;1186;BEYOĞLU
1782;10034;tr;BÜYÜKÇEKMECE;1782;1782;BÜYÜKÇEKMECE
1237;10034;tr;ÇATALCA;1237;1237;ÇATALCA
2052;10034;tr;ÇEKMEKÖY;2052;2052;ÇEKMEKÖY
2016;10034;tr;ESENLER;2016;2016;ESENLER
2053;10034;tr;ESENYURT;2053;2053;ESENYURT
1325;10034;tr;EYÜPSULTAN;1325;1325;EYÜPSULTAN
1327;10034;tr;FATİH;1327;1327;FATİH
1336;10034;tr;GAZİOSMANPAŞA;1336;1336;GAZİOSMANPAŞA
2010;10034;tr;GÜNGÖREN;2010;2010;GÜNGÖREN
1421;10034;tr;KADIKÖY;1421;1421;KADIKÖY
1810;10034;tr;KAĞITHANE;1810;1810;KAĞITHANE
1449;10034;tr;KARTAL;1449;1449;KARTAL
1823;10034;tr;KÜÇÜKÇEKMECE;1823;1823;KÜÇÜKÇEKMECE
2012;10034;tr;MALTEPE;2012;2012;MALTEPE
1835;10034;tr;PENDİK;1835;1835;PENDİK
2054;10034;tr;SANCAKTEPE;2054;2054;SANCAKTEPE
1604;10034;tr;SARIYER;1604;1604;SARIYER
1622;10034;tr;SİLİVRİ;1622;1622;SİLİVRİ
2014;10034;tr;SULTANBEYLİ;2014;2014;SULTANBEYLİ
2055;10034;tr;SULTANGAZİ;2055;2055;SULTANGAZİ
1659;10034;tr;ŞİLE;1659;1659;ŞİLE
1663;10034;tr;ŞİŞLİ;1663;1663;ŞİŞLİ
2015;10034;tr;TUZLA;2015;2015;TUZLA
1852;10034;tr;ÜMRANİYE;1852;1852;ÜMRANİYE
1708;10034;tr;ÜSKÜDAR;1708;1708;ÜSKÜDAR
1739;10034;tr;ZEYTİNBURNU;1739;1739;ZEYTİNBURNU
1128;10035;tr;ALİAĞA;1128;1128;ALİAĞA
2006;10035;tr;BALÇOVA;2006;2006;BALÇOVA
1178;10035;tr;BAYINDIR;1178;1178;BAYINDIR
2056;10035;tr;BAYRAKLI;2056;2056;BAYRAKLI
1181;10035;tr;BERGAMA;1181;1181;BERGAMA
1776;10035;tr;BEYDAĞ;1776;1776;BEYDAĞ
1203;10035;tr;BORNOVA;1203;1203;BORNOVA
1780;10035;tr;BUCA;1780;1780;BUCA
1251;10035;tr;ÇEŞME;1251;1251;ÇEŞME
2007;10035;tr;ÇİĞLİ;2007;2007;ÇİĞLİ
1280;10035;tr;DİKİLİ;1280;1280;DİKİLİ
1334;10035;tr;FOÇA;1334;1334;FOÇA
2009;10035;tr;GAZİEMİR;2009;2009;GAZİEMİR
2018;10035;tr;GÜZELBAHÇE;2018;2018;GÜZELBAHÇE
2057;10035;tr;KARABAĞLAR;2057;2057;KARABAĞLAR
1432;10035;tr;KARABURUN;1432;1432;KARABURUN
1448;10035;tr;KARŞIYAKA;1448;1448;KARŞIYAKA
1461;10035;tr;KEMALPAŞA;1461;1461;KEMALPAŞA
1467;10035;tr;KINIK;1467;1467;KINIK
1477;10035;tr;KİRAZ;1477;1477;KİRAZ
1819;10035;tr;KONAK;1819;1819;KONAK
1826;10035;tr;MENDERES;1826;1826;MENDERES
1521;10035;tr;MENEMEN;1521;1521;MENEMEN
2013;10035;tr;NARLIDERE;2013;2013;NARLIDERE
1563;10035;tr;ÖDEMİŞ;1563;1563;ÖDEMİŞ
1611;10035;tr;SEFERİHİSAR;1611;1611;SEFERİHİSAR
1612;10035;tr;SELÇUK;1612;1612;SELÇUK
1677;10035;tr;TİRE;1677;1677;TİRE
1682;10035;tr;TORBALI;1682;1682;TORBALI
1703;10035;tr;URLA;1703;1703;URLA
1756;10036;tr;AKYAKA;1756;1756;AKYAKA
1149;10036;tr;ARPAÇAY;1149;1149;ARPAÇAY
1279;10036;tr;DİGOR;1279;1279;DİGOR
1424;10036;tr;KAĞIZMAN;1424;1424;KAĞIZMAN
1447;10036;tr;MERKEZ;1447;1447;MERKEZ
1601;10036;tr;SARIKAMIŞ;1601;1601;SARIKAMIŞ
1614;10036;tr;SELİM;1614;1614;SELİM
1645;10036;tr;SUSUZ;1645;1645;SUSUZ
1101;10037;tr;ABANA;1101;1101;ABANA
1867;10037;tr;AĞLI;1867;1867;AĞLI
1140;10037;tr;ARAÇ;1140;1140;ARAÇ
1162;10037;tr;AZDAVAY;1162;1162;AZDAVAY
1208;10037;tr;BOZKURT;1208;1208;BOZKURT
1221;10037;tr;CİDE;1221;1221;CİDE
1238;10037;tr;ÇATALZEYTİN;1238;1238;ÇATALZEYTİN
1264;10037;tr;DADAY;1264;1264;DADAY
1277;10037;tr;DEVREKANİ;1277;1277;DEVREKANİ
1915;10037;tr;DOĞANYURT;1915;1915;DOĞANYURT
1940;10037;tr;HANÖNÜ;1940;1940;HANÖNÜ
1805;10037;tr;İHSANGAZİ;1805;1805;İHSANGAZİ
1410;10037;tr;İNEBOLU;1410;1410;İNEBOLU
1499;10037;tr;KÜRE;1499;1499;KÜRE
1450;10037;tr;MERKEZ;1450;1450;MERKEZ
1836;10037;tr;PINARBAŞI;1836;1836;PINARBAŞI
1984;10037;tr;SEYDİLER;1984;1984;SEYDİLER
1845;10037;tr;ŞENPAZAR;1845;1845;ŞENPAZAR
1666;10037;tr;TAŞKÖPRÜ;1666;1666;TAŞKÖPRÜ
1685;10037;tr;TOSYA;1685;1685;TOSYA
1752;10038;tr;AKKIŞLA;1752;1752;AKKIŞLA
1218;10038;tr;BÜNYAN;1218;1218;BÜNYAN
1275;10038;tr;DEVELİ;1275;1275;DEVELİ
1330;10038;tr;FELAHİYE;1330;1330;FELAHİYE
1936;10038;tr;HACILAR;1936;1936;HACILAR
1409;10038;tr;İNCESU;1409;1409;İNCESU
1863;10038;tr;KOCASİNAN;1863;1863;KOCASİNAN
1864;10038;tr;MELİKGAZİ;1864;1864;MELİKGAZİ
1978;10038;tr;ÖZVATAN;1978;1978;ÖZVATAN
1576;10038;tr;PINARBAŞI;1576;1576;PINARBAŞI
1603;10038;tr;SARIOĞLAN;1603;1603;SARIOĞLAN
1605;10038;tr;SARIZ;1605;1605;SARIZ
1846;10038;tr;TALAS;1846;1846;TALAS
1680;10038;tr;TOMARZA;1680;1680;TOMARZA
1715;10038;tr;YAHYALI;1715;1715;YAHYALI
1727;10038;tr;YEŞİLHİSAR;1727;1727;YEŞİLHİSAR
1163;10039;tr;BABAESKİ;1163;1163;BABAESKİ
1270;10039;tr;DEMİRKÖY;1270;1270;DEMİRKÖY
1480;10039;tr;KOFÇAZ;1480;1480;KOFÇAZ
1505;10039;tr;LÜLEBURGAZ;1505;1505;LÜLEBURGAZ
1471;10039;tr;MERKEZ;1471;1471;MERKEZ
1572;10039;tr;PEHLİVANKÖY;1572;1572;PEHLİVANKÖY
1577;10039;tr;PINARHİSAR;1577;1577;PINARHİSAR
1714;10039;tr;VİZE;1714;1714;VİZE
1869;10040;tr;AKÇAKENT;1869;1869;AKÇAKENT
1754;10040;tr;AKPINAR;1754;1754;AKPINAR
1890;10040;tr;BOZTEPE;1890;1890;BOZTEPE
1254;10040;tr;ÇİÇEKDAĞI;1254;1254;ÇİÇEKDAĞI
1429;10040;tr;KAMAN;1429;1429;KAMAN
1472;10040;tr;MERKEZ;1472;1472;MERKEZ
1529;10040;tr;MUCUR;1529;1529;MUCUR
2058;10041;tr;BAŞİSKELE;2058;2058;BAŞİSKELE
2059;10041;tr;ÇAYIROVA;2059;2059;ÇAYIROVA
2060;10041;tr;DARICA;2060;2060;DARICA
2030;10041;tr;DERİNCE;2030;2030;DERİNCE
2061;10041;tr;DİLOVASI;2061;2061;DİLOVASI
1338;10041;tr;GEBZE;1338;1338;GEBZE
1355;10041;tr;GÖLCÜK;1355;1355;GÖLCÜK
2062;10041;tr;İZMİT;2062;2062;İZMİT
1430;10041;tr;KANDIRA;1430;1430;KANDIRA
1440;10041;tr;KARAMÜRSEL;1440;1440;KARAMÜRSEL
2063;10041;tr;KARTEPE;2063;2063;KARTEPE
1821;10041;tr;KÖRFEZ;1821;1821;KÖRFEZ
1868;10042;tr;AHIRLI;1868;1868;AHIRLI
1753;10042;tr;AKÖREN;1753;1753;AKÖREN
1122;10042;tr;AKŞEHİR;1122;1122;AKŞEHİR
1760;10042;tr;ALTINEKİN;1760;1760;ALTINEKİN
1188;10042;tr;BEYŞEHİR;1188;1188;BEYŞEHİR
1207;10042;tr;BOZKIR;1207;1207;BOZKIR
1222;10042;tr;CİHANBEYLİ;1222;1222;CİHANBEYLİ
1902;10042;tr;ÇELTİK;1902;1902;ÇELTİK
1262;10042;tr;ÇUMRA;1262;1262;ÇUMRA
1907;10042;tr;DERBENT;1907;1907;DERBENT
1789;10042;tr;DEREBUCAK;1789;1789;DEREBUCAK
1285;10042;tr;DOĞANHİSAR;1285;1285;DOĞANHİSAR
1920;10042;tr;EMİRGAZİ;1920;1920;EMİRGAZİ
1312;10042;tr;EREĞLİ;1312;1312;EREĞLİ
1933;10042;tr;GÜNEYSINIR;1933;1933;GÜNEYSINIR
1375;10042;tr;HADİM;1375;1375;HADİM
1937;10042;tr;HALKAPINAR;1937;1937;HALKAPINAR
1804;10042;tr;HÜYÜK;1804;1804;HÜYÜK
1400;10042;tr;ILGIN;1400;1400;ILGIN
1422;10042;tr;KADINHANI;1422;1422;KADINHANI
1441;10042;tr;KARAPINAR;1441;1441;KARAPINAR
1814;10042;tr;KARATAY;1814;1814;KARATAY
1491;10042;tr;KULU;1491;1491;KULU
1827;10042;tr;MERAM;1827;1827;MERAM
1598;10042;tr;SARAYÖNÜ;1598;1598;SARAYÖNÜ
1839;10042;tr;SELÇUKLU;1839;1839;SELÇUKLU
1617;10042;tr;SEYDİŞEHİR;1617;1617;SEYDİŞEHİR
1848;10042;tr;TAŞKENT;1848;1848;TAŞKENT
1990;10042;tr;TUZLUKÇU;1990;1990;TUZLUKÇU
1994;10042;tr;YALIHÜYÜK;1994;1994;YALIHÜYÜK
1735;10042;tr;YUNAK;1735;1735;YUNAK
1132;10043;tr;ALTINTAŞ;1132;1132;ALTINTAŞ
1764;10043;tr;ASLANAPA;1764;1764;ASLANAPA
1898;10043;tr;ÇAVDARHİSAR;1898;1898;ÇAVDARHİSAR
1288;10043;tr;DOMANİÇ;1288;1288;DOMANİÇ
1790;10043;tr;DUMLUPINAR;1790;1790;DUMLUPINAR
1304;10043;tr;EMET;1304;1304;EMET
1339;10043;tr;GEDİZ;1339;1339;GEDİZ
1802;10043;tr;HİSARCIK;1802;1802;HİSARCIK
1500;10043;tr;MERKEZ;1500;1500;MERKEZ
1979;10043;tr;PAZARLAR;1979;1979;PAZARLAR
1625;10043;tr;SİMAV;1625;1625;SİMAV
1843;10043;tr;ŞAPHANE;1843;1843;ŞAPHANE
1671;10043;tr;TAVŞANLI;1671;1671;TAVŞANLI
1114;10044;tr;AKÇADAĞ;1114;1114;AKÇADAĞ
1143;10044;tr;ARAPGİR;1143;1143;ARAPGİR
1148;10044;tr;ARGUVAN;1148;1148;ARGUVAN
1772;10044;tr;BATTALGAZİ;1772;1772;BATTALGAZİ
1265;10044;tr;DARENDE;1265;1265;DARENDE
1286;10044;tr;DOĞANŞEHİR;1286;1286;DOĞANŞEHİR
1914;10044;tr;DOĞANYOL;1914;1914;DOĞANYOL
1390;10044;tr;HEKİMHAN;1390;1390;HEKİMHAN
1953;10044;tr;KALE;1953;1953;KALE
1969;10044;tr;KULUNCAK;1969;1969;KULUNCAK
1582;10044;tr;PÜTÜRGE;1582;1582;PÜTÜRGE
1995;10044;tr;YAZIHAN;1995;1995;YAZIHAN
1729;10044;tr;YEŞİLYURT;1729;1729;YEŞİLYURT
1751;10045;tr;AHMETLİ;1751;1751;AHMETLİ
1118;10045;tr;AKHİSAR;1118;1118;AKHİSAR
1127;10045;tr;ALAŞEHİR;1127;1127;ALAŞEHİR
1269;10045;tr;DEMİRCİ;1269;1269;DEMİRCİ
1793;10045;tr;GÖLMARMARA;1793;1793;GÖLMARMARA
1362;10045;tr;GÖRDES;1362;1362;GÖRDES
1470;10045;tr;KIRKAĞAÇ;1470;1470;KIRKAĞAÇ
1965;10045;tr;KÖPRÜBAŞI;1965;1965;KÖPRÜBAŞI
1489;10045;tr;KULA;1489;1489;KULA
1590;10045;tr;SALİHLİ;1590;1590;SALİHLİ
1600;10045;tr;SARIGÖL;1600;1600;SARIGÖL
1606;10045;tr;SARUHANLI;1606;1606;SARUHANLI
1613;10045;tr;SELENDİ;1613;1613;SELENDİ
1634;10045;tr;SOMA;1634;1634;SOMA
2086;10045;tr;ŞEHZADELER;2086;2086;ŞEHZADELER
1689;10045;tr;TURGUTLU;1689;1689;TURGUTLU
2087;10045;tr;YUNUSEMRE;2087;2087;YUNUSEMRE
1107;10046;tr;AFŞİN;1107;1107;AFŞİN
1136;10046;tr;ANDIRIN;1136;1136;ANDIRIN
1785;10046;tr;ÇAĞLAYANCERİT;1785;1785;ÇAĞLAYANCERİT
2084;10046;tr;DULKADİROĞLU;2084;2084;DULKADİROĞLU
1919;10046;tr;EKİNÖZÜ;1919;1919;EKİNÖZÜ
1299;10046;tr;ELBİSTAN;1299;1299;ELBİSTAN
1353;10046;tr;GÖKSUN;1353;1353;GÖKSUN
1975;10046;tr;NURHAK;1975;1975;NURHAK
2085;10046;tr;ONİKİŞUBAT;2085;2085;ONİKİŞUBAT
1570;10046;tr;PAZARCIK;1570;1570;PAZARCIK
1694;10046;tr;TÜRKOĞLU;1694;1694;TÜRKOĞLU
2088;10047;tr;ARTUKLU;2088;2088;ARTUKLU
1787;10047;tr;DARGEÇİT;1787;1787;DARGEÇİT
1273;10047;tr;DERİK;1273;1273;DERİK
1474;10047;tr;KIZILTEPE;1474;1474;KIZILTEPE
1519;10047;tr;MAZIDAĞI;1519;1519;MAZIDAĞI
1526;10047;tr;MİDYAT;1526;1526;MİDYAT
1547;10047;tr;NUSAYBİN;1547;1547;NUSAYBİN
1564;10047;tr;ÖMERLİ;1564;1564;ÖMERLİ
1609;10047;tr;SAVUR;1609;1609;SAVUR
2002;10047;tr;YEŞİLLİ;2002;2002;YEŞİLLİ
1197;10048;tr;BODRUM;1197;1197;BODRUM
1742;10048;tr;DALAMAN;1742;1742;DALAMAN
1266;10048;tr;DATÇA;1266;1266;DATÇA
1331;10048;tr;FETHİYE;1331;1331;FETHİYE
1958;10048;tr;KAVAKLIDERE;1958;1958;KAVAKLIDERE
1488;10048;tr;KÖYCEĞİZ;1488;1488;KÖYCEĞİZ
1517;10048;tr;MARMARİS;1517;1517;MARMARİS
2089;10048;tr;MENTEŞE;2089;2089;MENTEŞE
1528;10048;tr;MİLAS;1528;1528;MİLAS
1831;10048;tr;ORTACA;1831;1831;ORTACA
2090;10048;tr;SEYDİKEMER;2090;2090;SEYDİKEMER
1695;10048;tr;ULA;1695;1695;ULA
1719;10048;tr;YATAĞAN;1719;1719;YATAĞAN
1213;10049;tr;BULANIK;1213;1213;BULANIK
1801;10049;tr;HASKÖY;1801;1801;HASKÖY
1964;10049;tr;KORKUT;1964;1964;KORKUT
1510;10049;tr;MALAZGİRT;1510;1510;MALAZGİRT
1534;10049;tr;MERKEZ;1534;1534;MERKEZ
1711;10049;tr;VARTO;1711;1711;VARTO
1749;10050;tr;ACIGÖL;1749;1749;ACIGÖL
1155;10050;tr;AVANOS;1155;1155;AVANOS
1274;10050;tr;DERİNKUYU;1274;1274;DERİNKUYU
1367;10050;tr;GÜLŞEHİR;1367;1367;GÜLŞEHİR
1374;10050;tr;HACIBEKTAŞ;1374;1374;HACIBEKTAŞ
1485;10050;tr;KOZAKLI;1485;1485;KOZAKLI
1543;10050;tr;MERKEZ;1543;1543;MERKEZ
1707;10050;tr;ÜRGÜP;1707;1707;ÜRGÜP
1876;10051;tr;ALTUNHİSAR;1876;1876;ALTUNHİSAR
1201;10051;tr;BOR;1201;1201;BOR
1225;10051;tr;ÇAMARDI;1225;1225;ÇAMARDI
1904;10051;tr;ÇİFTLİK;1904;1904;ÇİFTLİK
1544;10051;tr;MERKEZ;1544;1544;MERKEZ
1700;10051;tr;ULUKIŞLA;1700;1700;ULUKIŞLA
1119;10052;tr;AKKUŞ;1119;1119;AKKUŞ
2103;10052;tr;ALTINORDU;2103;2103;ALTINORDU
1158;10052;tr;AYBASTI;1158;1158;AYBASTI
1891;10052;tr;ÇAMAŞ;1891;1891;ÇAMAŞ
1897;10052;tr;ÇATALPINAR;1897;1897;ÇATALPINAR
1900;10052;tr;ÇAYBAŞI;1900;1900;ÇAYBAŞI
1328;10052;tr;FATSA;1328;1328;FATSA
1358;10052;tr;GÖLKÖY;1358;1358;GÖLKÖY
1795;10052;tr;GÜLYALI;1795;1795;GÜLYALI
1797;10052;tr;GÜRGENTEPE;1797;1797;GÜRGENTEPE
1947;10052;tr;İKİZCE;1947;1947;İKİZCE
1950;10052;tr;KABADÜZ;1950;1950;KABADÜZ
1951;10052;tr;KABATAŞ;1951;1951;KABATAŞ
1482;10052;tr;KORGAN;1482;1482;KORGAN
1493;10052;tr;KUMRU;1493;1493;KUMRU
1525;10052;tr;MESUDİYE;1525;1525;MESUDİYE
1573;10052;tr;PERŞEMBE;1573;1573;PERŞEMBE
1696;10052;tr;ULUBEY;1696;1696;ULUBEY
1706;10052;tr;ÜNYE;1706;1706;ÜNYE
1146;10053;tr;ARDEŞEN;1146;1146;ARDEŞEN
1228;10053;tr;ÇAMLIHEMŞİN;1228;1228;ÇAMLIHEMŞİN
1241;10053;tr;ÇAYELİ;1241;1241;ÇAYELİ
1908;10053;tr;DEREPAZARI;1908;1908;DEREPAZARI
1332;10053;tr;FINDIKLI;1332;1332;FINDIKLI
1796;10053;tr;GÜNEYSU;1796;1796;GÜNEYSU
1943;10053;tr;HEMŞİN;1943;1943;HEMŞİN
1405;10053;tr;İKİZDERE;1405;1405;İKİZDERE
1949;10053;tr;İYİDERE;1949;1949;İYİDERE
1428;10053;tr;KALKANDERE;1428;1428;KALKANDERE
1586;10053;tr;MERKEZ;1586;1586;MERKEZ
1569;10053;tr;PAZAR;1569;1569;PAZAR
2068;10054;tr;ADAPAZARI;2068;2068;ADAPAZARI
1123;10054;tr;AKYAZI;1123;1123;AKYAZI
2069;10054;tr;ARİFİYE;2069;2069;ARİFİYE
2070;10054;tr;ERENLER;2070;2070;ERENLER
1925;10054;tr;FERİZLİ;1925;1925;FERİZLİ
1351;10054;tr;GEYVE;1351;1351;GEYVE
1391;10054;tr;HENDEK;1391;1391;HENDEK
1955;10054;tr;KARAPÜRÇEK;1955;1955;KARAPÜRÇEK
1442;10054;tr;KARASU;1442;1442;KARASU
1453;10054;tr;KAYNARCA;1453;1453;KAYNARCA
1818;10054;tr;KOCAALİ;1818;1818;KOCAALİ
1833;10054;tr;PAMUKOVA;1833;1833;PAMUKOVA
1595;10054;tr;SAPANCA;1595;1595;SAPANCA
2071;10054;tr;SERDİVAN;2071;2071;SERDİVAN
1986;10054;tr;SÖĞÜTLÜ;1986;1986;SÖĞÜTLÜ
1847;10054;tr;TARAKLI;1847;1847;TARAKLI
1125;10055;tr;ALAÇAM;1125;1125;ALAÇAM
1763;10055;tr;ASARCIK;1763;1763;ASARCIK
2072;10055;tr;ATAKUM;2072;2072;ATAKUM
1879;10055;tr;AYVACIK;1879;1879;AYVACIK
1164;10055;tr;BAFRA;1164;1164;BAFRA
2073;10055;tr;CANİK;2073;2073;CANİK
1234;10055;tr;ÇARŞAMBA;1234;1234;ÇARŞAMBA
1386;10055;tr;HAVZA;1386;1386;HAVZA
2074;10055;tr;İLKADIM;2074;2074;İLKADIM
1452;10055;tr;KAVAK;1452;1452;KAVAK
1501;10055;tr;LADİK;1501;1501;LADİK
1838;10055;tr;SALIPAZARI;1838;1838;SALIPAZARI
1849;10055;tr;TEKKEKÖY;1849;1849;TEKKEKÖY
1676;10055;tr;TERME;1676;1676;TERME
1712;10055;tr;VEZİRKÖPRÜ;1712;1712;VEZİRKÖPRÜ
1993;10055;tr;YAKAKENT;1993;1993;YAKAKENT
1830;10055;tr;19 MAYIS;1830;1830;19 MAYIS
1179;10056;tr;BAYKAN;1179;1179;BAYKAN
1317;10056;tr;ERUH;1317;1317;ERUH
1495;10056;tr;KURTALAN;1495;1495;KURTALAN
1620;10056;tr;MERKEZ;1620;1620;MERKEZ
1575;10056;tr;PERVARİ;1575;1575;PERVARİ
1662;10056;tr;ŞİRVAN;1662;1662;ŞİRVAN
1878;10056;tr;TİLLO;1878;1878;TİLLO
1156;10057;tr;AYANCIK;1156;1156;AYANCIK
1204;10057;tr;BOYABAT;1204;1204;BOYABAT
1910;10057;tr;DİKMEN;1910;1910;DİKMEN
1290;10057;tr;DURAĞAN;1290;1290;DURAĞAN
1314;10057;tr;ERFELEK;1314;1314;ERFELEK
1349;10057;tr;GERZE;1349;1349;GERZE
1627;10057;tr;MERKEZ;1627;1627;MERKEZ
1981;10057;tr;SARAYDÜZÜ;1981;1981;SARAYDÜZÜ
1693;10057;tr;TÜRKELİ;1693;1693;TÜRKELİ
1870;10058;tr;AKINCILAR;1870;1870;AKINCILAR
1875;10058;tr;ALTINYAYLA;1875;1875;ALTINYAYLA
1282;10058;tr;DİVRİĞİ;1282;1282;DİVRİĞİ
1913;10058;tr;DOĞANŞAR;1913;1913;DOĞANŞAR
1342;10058;tr;GEMEREK;1342;1342;GEMEREK
1927;10058;tr;GÖLOVA;1927;1927;GÖLOVA
1373;10058;tr;GÜRÜN;1373;1373;GÜRÜN
1376;10058;tr;HAFİK;1376;1376;HAFİK
1407;10058;tr;İMRANLI;1407;1407;İMRANLI
1431;10058;tr;KANGAL;1431;1431;KANGAL
1484;10058;tr;KOYULHİSAR;1484;1484;KOYULHİSAR
1628;10058;tr;MERKEZ;1628;1628;MERKEZ
1646;10058;tr;SUŞEHRİ;1646;1646;SUŞEHRİ
1650;10058;tr;ŞARKIŞLA;1650;1650;ŞARKIŞLA
1991;10058;tr;ULAŞ;1991;1991;ULAŞ
1731;10058;tr;YILDIZELİ;1731;1731;YILDIZELİ
1738;10058;tr;ZARA;1738;1738;ZARA
1250;10059;tr;ÇERKEZKÖY;1250;1250;ÇERKEZKÖY
1258;10059;tr;ÇORLU;1258;1258;ÇORLU
2094;10059;tr;ERGENE;2094;2094;ERGENE
1388;10059;tr;HAYRABOLU;1388;1388;HAYRABOLU
2095;10059;tr;KAPAKLI;2095;2095;KAPAKLI
1511;10059;tr;MALKARA;1511;1511;MALKARA
1825;10059;tr;MARMARAEREĞLİSİ;1825;1825;MARMARAEREĞLİSİ
1538;10059;tr;MURATLI;1538;1538;MURATLI
1596;10059;tr;SARAY;1596;1596;SARAY
2096;10059;tr;SÜLEYMANPAŞA;2096;2096;SÜLEYMANPAŞA
1652;10059;tr;ŞARKÖY;1652;1652;ŞARKÖY
1129;10060;tr;ALMUS;1129;1129;ALMUS
1151;10060;tr;ARTOVA;1151;1151;ARTOVA
1883;10060;tr;BAŞÇİFTLİK;1883;1883;BAŞÇİFTLİK
1308;10060;tr;ERBAA;1308;1308;ERBAA
1679;10060;tr;MERKEZ;1679;1679;MERKEZ
1545;10060;tr;NİKSAR;1545;1545;NİKSAR
1834;10060;tr;PAZAR;1834;1834;PAZAR
1584;10060;tr;REŞADİYE;1584;1584;REŞADİYE
1987;10060;tr;SULUSARAY;1987;1987;SULUSARAY
1690;10060;tr;TURHAL;1690;1690;TURHAL
1858;10060;tr;YEŞİLYURT;1858;1858;YEŞİLYURT
1740;10060;tr;ZİLE;1740;1740;ZİLE
1113;10061;tr;AKÇAABAT;1113;1113;AKÇAABAT
1141;10061;tr;ARAKLI;1141;1141;ARAKLI
1150;10061;tr;ARSİN;1150;1150;ARSİN
1775;10061;tr;BEŞİKDÜZÜ;1775;1775;BEŞİKDÜZÜ
1896;10061;tr;ÇARŞIBAŞI;1896;1896;ÇARŞIBAŞI
1244;10061;tr;ÇAYKARA;1244;1244;ÇAYKARA
1909;10061;tr;DERNEKPAZARI;1909;1909;DERNEKPAZARI
1917;10061;tr;DÜZKÖY;1917;1917;DÜZKÖY
1942;10061;tr;HAYRAT;1942;1942;HAYRAT
1966;10061;tr;KÖPRÜBAŞI;1966;1966;KÖPRÜBAŞI
1507;10061;tr;MAÇKA;1507;1507;MAÇKA
1548;10061;tr;OF;1548;1548;OF
2097;10061;tr;ORTAHİSAR;2097;2097;ORTAHİSAR
1647;10061;tr;SÜRMENE;1647;1647;SÜRMENE
1842;10061;tr;ŞALPAZARI;1842;1842;ŞALPAZARI
1681;10061;tr;TONYA;1681;1681;TONYA
1709;10061;tr;VAKFIKEBİR;1709;1709;VAKFIKEBİR
1732;10061;tr;YOMRA;1732;1732;YOMRA
1247;10062;tr;ÇEMİŞGEZEK;1247;1247;ÇEMİŞGEZEK
1397;10062;tr;HOZAT;1397;1397;HOZAT
1518;10062;tr;MAZGİRT;1518;1518;MAZGİRT
1688;10062;tr;MERKEZ;1688;1688;MERKEZ
1541;10062;tr;NAZIMİYE;1541;1541;NAZIMİYE
1562;10062;tr;OVACIK;1562;1562;OVACIK
1574;10062;tr;PERTEK;1574;1574;PERTEK
1581;10062;tr;PÜLÜMÜR;1581;1581;PÜLÜMÜR
1115;10063;tr;AKÇAKALE;1115;1115;AKÇAKALE
1194;10063;tr;BİRECİK;1194;1194;BİRECİK
1209;10063;tr;BOZOVA;1209;1209;BOZOVA
1220;10063;tr;CEYLANPINAR;1220;1220;CEYLANPINAR
2091;10063;tr;EYYÜBİYE;2091;2091;EYYÜBİYE
1378;10063;tr;HALFETİ;1378;1378;HALFETİ
2092;10063;tr;HALİLİYE;2092;2092;HALİLİYE
1800;10063;tr;HARRAN;1800;1800;HARRAN
1393;10063;tr;HİLVAN;1393;1393;HİLVAN
2093;10063;tr;KARAKÖPRÜ;2093;2093;KARAKÖPRÜ
1630;10063;tr;SİVEREK;1630;1630;SİVEREK
1643;10063;tr;SURUÇ;1643;1643;SURUÇ
1713;10063;tr;VİRANŞEHİR;1713;1713;VİRANŞEHİR
1170;10064;tr;BANAZ;1170;1170;BANAZ
1323;10064;tr;EŞME;1323;1323;EŞME
1436;10064;tr;KARAHALLI;1436;1436;KARAHALLI
1704;10064;tr;MERKEZ;1704;1704;MERKEZ
1629;10064;tr;SİVASLI;1629;1629;SİVASLI
1697;10064;tr;ULUBEY;1697;1697;ULUBEY
1770;10065;tr;BAHÇESARAY;1770;1770;BAHÇESARAY
1175;10065;tr;BAŞKALE;1175;1175;BAŞKALE
1786;10065;tr;ÇALDIRAN;1786;1786;ÇALDIRAN
1236;10065;tr;ÇATAK;1236;1236;ÇATAK
1918;10065;tr;EDREMİT;1918;1918;EDREMİT
1309;10065;tr;ERCİŞ;1309;1309;ERCİŞ
1350;10065;tr;GEVAŞ;1350;1350;GEVAŞ
1372;10065;tr;GÜRPINAR;1372;1372;GÜRPINAR
2098;10065;tr;İPEKYOLU;2098;2098;İPEKYOLU
1533;10065;tr;MURADİYE;1533;1533;MURADİYE
1565;10065;tr;ÖZALP;1565;1565;ÖZALP
1980;10065;tr;SARAY;1980;1980;SARAY
2099;10065;tr;TUŞBA;2099;2099;TUŞBA
1117;10066;tr;AKDAĞMADENİ;1117;1117;AKDAĞMADENİ
1877;10066;tr;AYDINCIK;1877;1877;AYDINCIK
1198;10066;tr;BOĞAZLIYAN;1198;1198;BOĞAZLIYAN
1895;10066;tr;ÇANDIR;1895;1895;ÇANDIR
1242;10066;tr;ÇAYIRALAN;1242;1242;ÇAYIRALAN
1245;10066;tr;ÇEKEREK;1245;1245;ÇEKEREK
1952;10066;tr;KADIŞEHRİ;1952;1952;KADIŞEHRİ
1733;10066;tr;MERKEZ;1733;1733;MERKEZ
1982;10066;tr;SARAYKENT;1982;1982;SARAYKENT
1602;10066;tr;SARIKAYA;1602;1602;SARIKAYA
1635;10066;tr;SORGUN;1635;1635;SORGUN
1655;10066;tr;ŞEFAATLİ;1655;1655;ŞEFAATLİ
1998;10066;tr;YENİFAKILI;1998;1998;YENİFAKILI
1726;10066;tr;YERKÖY;1726;1726;YERKÖY
1758;10067;tr;ALAPLI;1758;1758;ALAPLI
1240;10067;tr;ÇAYCUMA;1240;1240;ÇAYCUMA
1276;10067;tr;DEVREK;1276;1276;DEVREK
1313;10067;tr;EREĞLİ;1313;1313;EREĞLİ
1926;10067;tr;GÖKÇEBEY;1926;1926;GÖKÇEBEY
2100;10067;tr;KİLİMLİ;2100;2100;KİLİMLİ
2101;10067;tr;KOZLU;2101;2101;KOZLU
1741;10067;tr;MERKEZ;1741;1741;MERKEZ
1860;10068;tr;AĞAÇÖREN;1860;1860;AĞAÇÖREN
1921;10068;tr;ESKİL;1921;1921;ESKİL
1932;10068;tr;GÜLAĞAÇ;1932;1932;GÜLAĞAÇ
1861;10068;tr;GÜZELYURT;1861;1861;GÜZELYURT
1120;10068;tr;MERKEZ;1120;1120;MERKEZ
1557;10068;tr;ORTAKÖY;1557;1557;ORTAKÖY
1866;10068;tr;SARIYAHŞİ;1866;1866;SARIYAHŞİ
2106;10068;tr;SULTANHANI;2106;2106;SULTANHANI
1767;10069;tr;AYDINTEPE;1767;1767;AYDINTEPE
1788;10069;tr;DEMİRÖZÜ;1788;1788;DEMİRÖZÜ
1176;10069;tr;MERKEZ;1176;1176;MERKEZ
1768;10070;tr;AYRANCI;1768;1768;AYRANCI
1884;10070;tr;BAŞYAYLA;1884;1884;BAŞYAYLA
1316;10070;tr;ERMENEK;1316;1316;ERMENEK
1862;10070;tr;KAZIMKARABEKİR;1862;1862;KAZIMKARABEKİR
1439;10070;tr;MERKEZ;1439;1439;MERKEZ
1983;10070;tr;SARIVELİLER;1983;1983;SARIVELİLER
1880;10071;tr;BAHŞİLİ;1880;1880;BAHŞİLİ
1882;10071;tr;BALIŞEYH;1882;1882;BALIŞEYH
1901;10071;tr;ÇELEBİ;1901;1901;ÇELEBİ
1268;10071;tr;DELİCE;1268;1268;DELİCE
1954;10071;tr;KARAKEÇİLİ;1954;1954;KARAKEÇİLİ
1463;10071;tr;KESKİN;1463;1463;KESKİN
1469;10071;tr;MERKEZ;1469;1469;MERKEZ
1638;10071;tr;SULAKYURT;1638;1638;SULAKYURT
1992;10071;tr;YAHŞİHAN;1992;1992;YAHŞİHAN
1184;10072;tr;BEŞİRİ;1184;1184;BEŞİRİ
1345;10072;tr;GERCÜŞ;1345;1345;GERCÜŞ
1941;10072;tr;HASANKEYF;1941;1941;HASANKEYF
1487;10072;tr;KOZLUK;1487;1487;KOZLUK
1174;10072;tr;MERKEZ;1174;1174;MERKEZ
1607;10072;tr;SASON;1607;1607;SASON
1189;10073;tr;BEYTÜŞŞEBAP;1189;1189;BEYTÜŞŞEBAP
1223;10073;tr;CİZRE;1223;1223;CİZRE
1931;10073;tr;GÜÇLÜKONAK;1931;1931;GÜÇLÜKONAK
1403;10073;tr;İDİL;1403;1403;İDİL
1661;10073;tr;MERKEZ;1661;1661;MERKEZ
1623;10073;tr;SİLOPİ;1623;1623;SİLOPİ
1698;10073;tr;ULUDERE;1698;1698;ULUDERE
1761;10074;tr;AMASRA;1761;1761;AMASRA
1496;10074;tr;KURUCAŞİLE;1496;1496;KURUCAŞİLE
1172;10074;tr;MERKEZ;1172;1172;MERKEZ
1701;10074;tr;ULUS;1701;1701;ULUS
1252;10075;tr;ÇILDIR;1252;1252;ÇILDIR
2008;10075;tr;DAMAL;2008;2008;DAMAL
1356;10075;tr;GÖLE;1356;1356;GÖLE
1380;10075;tr;HANAK;1380;1380;HANAK
1144;10075;tr;MERKEZ;1144;1144;MERKEZ
1579;10075;tr;POSOF;1579;1579;POSOF
1142;10076;tr;ARALIK;1142;1142;ARALIK
2011;10076;tr;KARAKOYUNLU;2011;2011;KARAKOYUNLU
1398;10076;tr;MERKEZ;1398;1398;MERKEZ
1692;10076;tr;TUZLUCA;1692;1692;TUZLUCA
2019;10077;tr;ALTINOVA;2019;2019;ALTINOVA
2020;10077;tr;ARMUTLU;2020;2020;ARMUTLU
2021;10077;tr;ÇINARCIK;2021;2021;ÇINARCIK
2022;10077;tr;ÇİFTLİKKÖY;2022;2022;ÇİFTLİKKÖY
1716;10077;tr;MERKEZ;1716;1716;MERKEZ
2026;10077;tr;TERMAL;2026;2026;TERMAL
1296;10078;tr;EFLANİ;1296;1296;EFLANİ
1321;10078;tr;ESKİPAZAR;1321;1321;ESKİPAZAR
1433;10078;tr;MERKEZ;1433;1433;MERKEZ
1561;10078;tr;OVACIK;1561;1561;OVACIK
1587;10078;tr;SAFRANBOLU;1587;1587;SAFRANBOLU
1856;10078;tr;YENİCE;1856;1856;YENİCE
2023;10079;tr;ELBEYLİ;2023;2023;ELBEYLİ
1476;10079;tr;MERKEZ;1476;1476;MERKEZ
2024;10079;tr;MUSABEYLİ;2024;2024;MUSABEYLİ
2025;10079;tr;POLATELİ;2025;2025;POLATELİ
1165;10080;tr;BAHÇE;1165;1165;BAHÇE
1743;10080;tr;DÜZİÇİ;1743;1743;DÜZİÇİ
2027;10080;tr;HASANBEYLİ;2027;2027;HASANBEYLİ
1423;10080;tr;KADİRLİ;1423;1423;KADİRLİ
1560;10080;tr;MERKEZ;1560;1560;MERKEZ
2028;10080;tr;SUMBAS;2028;2028;SUMBAS
2029;10080;tr;TOPRAKKALE;2029;2029;TOPRAKKALE
1116;10081;tr;AKÇAKOCA;1116;1116;AKÇAKOCA
1784;10081;tr;CUMAYERİ;1784;1784;CUMAYERİ
1905;10081;tr;ÇİLİMLİ;1905;1905;ÇİLİMLİ
1794;10081;tr;GÖLYAKA;1794;1794;GÖLYAKA
2017;10081;tr;GÜMÜŞOVA;2017;2017;GÜMÜŞOVA
2031;10081;tr;KAYNAŞLI;2031;2031;KAYNAŞLI
1292;10081;tr;MERKEZ;1292;1292;MERKEZ
1730;10081;tr;YIĞILCA;1730;1730;YIĞILCA
